{
  "project_info": {
    "project_number": "312244823283",
    "project_id": "puertomapasv300",
    "storage_bucket": "puertomapasv300.firebasestorage.app"
  },
  "client": [
    {
      "client_info": {
        "mobilesdk_app_id": "1:312244823283:android:1dd85cae641020f2d90386",
        "android_client_info": {
          "package_name": "com.example.puertomapasv300"
        }
      },
      "oauth_client": [],
      "api_key": [
        {
          "current_key": "AIzaSyBG0O22tkyTMF5PEqUDCUPfoWfDfD3vmfU"
        }
      ],
      "services": {
        "appinvite_service": {
          "other_platform_oauth_client": []
        }
      }
    }
  ],
  "configuration_version": "1"
}