{
  "project_info": {
    "project_number": "1050631692268",
    "project_id": "puertomaps-ce892",
    "storage_bucket": "puertomaps-ce892.firebasestorage.app"
  },
  "client": [
    {
      "client_info": {
        "mobilesdk_app_id": "1:1050631692268:android:8077c5324332087dcd6ac9",
        "android_client_info": {
          "package_name": "com.example.puertomaps"
        }
      },
      "oauth_client": [],
      "api_key": [
        {
          "current_key": "AIzaSyB-DBjgvwfiML5LeFEWvAUomvR8K6cQUX0"
        }
      ],
      "services": {
        "appinvite_service": {
          "other_platform_oauth_client": []
        }
      }
    }
  ],
  "configuration_version": "1"
}